<?xml version="1.0" encoding="utf-8"?>
<SOUI name="mainWindow" title="@string/title" bigIcon="ICON_LOGO:32" smallIcon="ICON_LOGO:16" margin="5,5,5,5"  resizable="1" wndType="appMain"
translucent="1"
>
  <root skin="_skin.sys.wnd.bkgnd" cache="1"  width="400" height="400">
    <caption pos="0,0,-0,30" show="1" font="adding:0">
      <icon pos="10,8" src="ICON_LOGO:16"/>
      <text pos="29,9">@string/title</text>
      <imgbtn id="10" skin="_skin.sys.btn.close"    pos="-45,0" tip="close" animate="1"/>
    </caption>
    <window pos="5,[2,-5,-5" layout="vbox" interval="10">
	    <window size="-2,-1" layout="hbox" gravity="center">
	        <text text="扩展名:"/>
	        <edit size="0,30" weight="1" name="edit_ext" cue="多扩展名以空格分开" text="*" margin="2,2"/>
	    </window>
	     <window size="-2,-1" layout="hbox" interval="5" gravity="center">
	        <check name="chk_contain_folder" text="包含路径"/>
	        <check name="chk_window_style" text="Window路径风格"/>
	        <window size="0,0" weight="1"/>
	        <button name="btn_clear" text="清空" size="100,30"/>
	    </window>
    	<edit size="-2,0" weight="1" name="edit_output" multilines="1" vscrollbar="1"  margin="2,2"/>
    </window>
  </root>
</SOUI>